time,Ia,Ib,Ic,fault_label
0.0,-0.04205824474598262,-0.9323165070307388,0.8886903493332559,0
0.001001001001001001,0.24015685272350817,-0.9592053741784642,0.6851176595276147,0
0.002002002002002002,0.5906187857296434,-0.9941902560078624,0.4159075703747844,0
0.003003003003003003,0.8396135878703399,-0.8444695186480421,0.0799072795810078,0
0.004004004004004004,0.8242795340662381,-0.7852349536542372,-0.22174747637341102,0
0.005005005005005005,1.0491866508834515,-0.4688909637961184,-0.5156936566039748,0
0.006006006006006006,0.8780386563115041,-0.22752897837119368,-0.8065428880792933,0
0.007007007007007007,0.8029596589702342,0.1030221394991462,-0.9661803378023105,0
0.008008008008008008,0.5799870208926654,0.42063404369536167,-0.9442934564115019,0
0.009009009009009009,0.2382593819683235,0.703058938756172,-0.8911233412417521,0
0.01001001001001001,-0.027429688285187336,0.8845291902751586,-0.8603860573493182,0
0.011011011011011011,-0.28873290259737483,0.9672934229131962,-0.7400329611875452,0
0.012012012012012012,-0.6212091153813061,1.067617335694562,-0.4572891791922568,0
0.013013013013013013,-0.7684741766188942,0.9213885503594283,-0.19452289086929594,0
0.014014014014014014,-0.9574324739005358,0.7457405224403831,0.16873272459482863,0
0.015015015015015015,-1.0222283619736805,0.4724624249151944,0.5943269808061565,0
0.016016016016016016,-0.9039440047625712,0.19527023303686428,0.7246258958004674,0
0.017017017017017015,-0.7779381126280314,-0.16833807017142516,0.911906108386167,0
0.018018018018018018,-0.5807107931378604,-0.4153429643593806,1.0354480065974834,0
0.01901901901901902,-0.18411536419863012,-0.7034719352368494,0.9772548062757027,0
0.02002002002002002,0.05959728486628272,-0.9075880973357694,0.8291254317030512,0
0.02102102102102102,0.29414874736196084,-1.007010122270466,0.7156948253231621,0
0.022022022022022022,0.4926890101272171,-1.1033590403200235,0.4232766312898882,0
0.023023023023023025,0.7911181140006873,-0.8628149243390848,0.17837733446018833,0
0.024024024024024024,1.0006652387924748,-0.6864262893804308,-0.20172281634941738,0
0.025025025025025023,1.0121823583974847,-0.485319089673153,-0.559651779225226,0
0.026026026026026026,1.0613826397920114,-0.18387954091413622,-0.7402087003471018,0
0.02702702702702703,0.8310206020132805,0.09927525280315225,-0.9078324846419271,0
0.028028028028028028,0.5963474654271744,0.31997037226180935,-0.962595975940611,0
0.029029029029029027,0.3398342055846589,0.7686773483395417,-0.9710979261610174,0
0.03003003003003003,-0.007162511798826736,0.8782423899575187,-0.9199617699555456,0
0.031031031031031032,-0.24190500022085618,0.9198726741802083,-0.7013406403700511,0
0.03203203203203203,-0.6258062682368306,1.0830606907841775,-0.45307291302243935,0
0.03303303303303303,-0.8753271642855671,0.9007242744461927,-0.09634171898840604,0
0.03403403403403403,-0.953164257765154,0.6898012885497803,0.16522315667679482,0
0.035035035035035036,-0.9472769161562387,0.506059772566343,0.5151595132915164,0
0.036036036036036036,-0.9982975460621887,0.20219954515541932,0.6984664660572084,0
0.037037037037037035,-0.8081584663855607,-0.15845497047772333,0.8609681297382509,0
0.03803803803803804,-0.6142882126980657,-0.32679432645174683,1.0436618666510369,0
0.03903903903903904,-0.24592332410110532,-0.6150699822796658,0.9069733563696046,0
0.04004004004004004,-0.044947906401110856,-0.9889735032936706,0.9138608932668473,0
0.04104104104104104,0.3093317742742742,-0.9701571151209711,0.6992076453879451,0
0.04204204204204204,0.5135104903110198,-0.9555957586456438,0.37561466976116703,0
0.043043043043043044,0.7415967976169694,-1.0453231381230816,0.04444861153895197,0
0.044044044044044044,1.0224146704557595,-0.7020698805967277,-0.18764968367848806,0
0.04504504504504504,1.0537743204649161,-0.5214487367539442,-0.5593834555645784,0
0.04604604604604605,0.9325444997813463,-0.1949236167001204,-0.7415206566688383,0
0.04704704704704705,0.823306684869645,0.010380871615740722,-0.9331383172216805,0
0.04804804804804805,0.5594845913338009,0.3482776746609678,-0.972883318946616,0
0.04904904904904905,0.34284186809713857,0.6861420453182584,-0.9800417325895272,0
0.050050050050050046,0.1120304147783034,0.9122503107034362,-0.8844784694867203,0
0.05105105105105105,-0.21299807167741058,1.0361875584848472,-0.6561924248685046,0
0.05205205205205205,-0.5650875971105508,0.9112974573655036,-0.46654786613098626,0
0.05305305305305305,-0.813591344762487,0.9622762125686815,-0.1200735996924868,0
0.05405405405405406,-0.9188526909704323,0.725652308930826,0.279368065264887,0
0.055055055055055056,-0.9317772614298356,0.5325567983444522,0.5139586735889705,0
0.056056056056056056,-0.9168446647637302,0.1780962566396897,0.7968955352968025,0
0.057057057057057055,-0.7619487451466191,-0.022566922072298684,0.9466083542555799,0
0.058058058058058054,-0.5443052755349221,-0.4664519721311179,0.996480581215411,0
0.05905905905905906,-0.31806425080635436,-0.6342250079315045,1.0274819365961059,0
0.06006006006006006,0.060745561725384534,-0.9886549097925496,0.8744946386138263,0
0.06106106106106106,0.3552521463794681,-1.0780562573717998,0.6313503294854531,0
0.062062062062062065,0.5760014875210601,-1.0759579107189492,0.3103772757814965,0
0.06306306306306306,0.7272874223793881,-0.9061810763535368,-0.0014800924303090962,0
0.06406406406406406,0.9259081868775073,-0.7711949723191313,-0.22544045677563226,0
0.06506506506506507,0.9712317769091169,-0.5265485153428625,-0.5516353717848294,0
0.06606606606606606,0.9668702983393471,-0.19240661595562503,-0.7613225040609712,0
0.06706706706706707,0.8291632807462389,0.09905045638663315,-0.8701780613901536,0
0.06806806806806806,0.46772343161622487,0.3683043858961664,-1.0841986608429843,0
0.06906906906906907,0.26072797170622974,0.676400955759635,-1.0196259437723718,0
0.07007007007007007,-0.037923985876404366,0.8129571019372901,-0.7988922995138231,0
0.07107107107107107,-0.31794981659161176,1.017492137102252,-0.7219251033382572,0
0.07207207207207207,-0.679227818705091,0.9984214741034168,-0.39232593911248614,0
0.07307307307307308,-0.7910448401376043,0.8816538311566705,-0.09827816392435096,0
0.07407407407407407,-0.9723784602239666,0.7547539610720038,0.16543864520370105,0
0.07507507507507508,-1.1274537160825933,0.5818536824521182,0.6028987196922617,0
0.07607607607607608,-0.9811523751531654,0.27335356541629413,0.8209256317022883,0
0.07707707707707707,-0.8175674479543539,-0.1737815182397307,0.9943818159090727,0
0.07807807807807808,-0.5410843625642595,-0.41283612005753945,0.9172018515922176,0
0.07907907907907907,-0.2607652529714958,-0.7811232935314509,1.0011382631144774,0
0.08008008008008008,0.03628325998077827,-0.8115807293895393,0.7554685227110204,0
0.08108108108108109,0.41723534144661123,-0.8747588713527198,0.7137635573183143,0
0.08208208208208208,0.607588782556119,-1.0381239446349606,0.3236606122785516,0
0.08308308308308308,0.8412942321039409,-0.8828555829824942,0.11199585759832736,0
0.08408408408408408,1.0028234847163011,-0.8309121810693775,-0.24419305759334797,0
0.08508508508508508,1.0076438768407687,-0.5096106977701673,-0.5580149908321222,0
0.08608608608608609,0.8613564309758998,-0.18578272274689123,-0.7717309034693519,0
0.08708708708708708,0.7889978665263326,0.13754274653347157,-0.9015979260020897,0
0.08808808808808809,0.6027037750290218,0.3858598294839001,-0.9788976886196679,0
0.0890890890890891,0.2426863512650267,0.7417382327046712,-0.9748173785152956,0
0.09009009009009009,-0.058185392879235395,0.9155624072239231,-0.8885464750168087,0
0.09109109109109109,-0.24943291339713947,0.9436837291031426,-0.5959914875412777,0
0.0920920920920921,-0.6723349017180638,0.9560704670923469,-0.3450129360572587,0
0.09309309309309309,-0.8215828845600889,0.9107983721879671,-0.0910174072834496,0
0.0940940940940941,-0.9575215249049739,0.7143397002001372,0.21926705692718898,0
0.09509509509509509,-1.0421964318328965,0.4255140059390881,0.48086827845334246,0
0.0960960960960961,-0.9145069299187936,0.16440382739289325,0.8126078266484581,0
0.0970970970970971,-0.8880925815750984,-0.14511938956539627,0.9835288709123589,0
0.0980980980980981,-0.5914106637121115,-0.42677294217094885,0.9456525721151751,0
0.0990990990990991,-0.2431883184825192,-0.6494253995682222,1.019624905907319,0
0.10010010010010009,-0.019387057976104786,-0.8655596746928534,0.8098443290287762,0
0.1011011011011011,0.30105582948013043,-0.9848933932979426,0.6310741504735826,0
0.1021021021021021,0.6789356553274367,-1.0092483724937866,0.29817911122307794,0
0.1031031031031031,0.8572030239507323,-0.9055444668844864,0.0901240539666781,0
0.1041041041041041,0.8885443534944537,-0.770433881904559,-0.17909364729869068,0
0.10510510510510511,0.984916073476672,-0.4908800271451408,-0.5638308307568376,0
0.1061061061061061,0.887868868886497,-0.12681901530708048,-0.6946630998673095,0
0.10710710710710711,0.7622033150357883,0.21021393448949283,-0.9995989572371813,0
0.10810810810810811,0.5709837275024268,0.42628025171494666,-0.888527409955283,0
0.1091091091091091,0.307622945196592,0.6257568279645217,-0.9971678692343696,0
0.11011011011011011,-0.04042570098659484,0.9236041083019837,-0.8130386634751836,0
0.1111111111111111,-0.3278027664810866,1.004436080433903,-0.6331088745528664,0
0.11211211211211211,-0.6430801650114467,0.9327877624216435,-0.3595906403764712,0
0.11311311311311312,-0.7711536694336949,0.8072826855645691,-0.057034026468054014,0
0.11411411411411411,-0.9251879268089942,0.6685404039390788,0.3796601999137733,0
0.11511511511511512,-0.9992749175181486,0.5616261743202333,0.6033216540757317,0
0.11611611611611611,-1.0309826418253567,0.22130025380545162,0.7451034813198352,0
0.11711711711711711,-0.7950966623979356,-0.13391966837580221,0.8951689271386529,0
0.11811811811811812,-0.5232055736130057,-0.5025835698890654,0.9274587229366219,0
0.11911911911911911,-0.24740158204308085,-0.7607358207294419,0.9165900382230311,0
0.12012012012012012,0.0002644148955431719,-0.8694511801192852,0.806761644262329,0
0.12112112112112113,0.27322746678631954,-0.9844427664587201,0.618443165875353,0
0.12212212212212212,0.6157891521371216,-1.0102805725905255,0.41248130364188784,0
0.12312312312312312,0.8776535733852557,-0.8697296193862943,0.1783937242268944,0
0.12412412412412413,0.962984229509242,-0.8004684247770819,-0.22414778158716042,0
0.12512512512512514,1.0321518973501251,-0.45843342864200587,-0.530326191870374,0
0.12612612612612611,0.9418147547877771,-0.11980631422344168,-0.729131118719447,0
0.12712712712712712,0.7636719868555267,0.17002255006840775,-0.8950302080455161,0
0.12812812812812813,0.4686641301471609,0.5130509857779249,-0.9849709436829543,0
0.12912912912912913,0.293145416077704,0.7151550244441761,-0.9684752547462042,0
0.13013013013013014,-0.06476650811635616,0.9063596709188452,-0.9208907913936946,0
0.13113113113113112,-0.38391207596473453,0.9083712389581037,-0.6967437024868379,0
0.13213213213213212,-0.5871816378892334,0.9628327845535748,-0.3365480993135242,0
0.13313313313313313,-0.6903208775441768,0.8891301717202494,-0.14852037538212087,0
0.13413413413413414,-0.9006841175717748,0.8114946934977726,0.34313394670233116,0
0.13513513513513514,-0.955604147736549,0.45097660997349365,0.49539315004908,0
0.13613613613613612,-0.9161633618373906,0.18373154189166435,0.7796201166768192,0
0.13713713713713713,-0.9362886804986167,-0.22821065948363828,0.967646926222591,0
0.13813813813813813,-0.5792970164737574,-0.4664812180957244,0.9518695387376642,0
0.13913913913913914,-0.3770304693768163,-0.6827766421653647,1.0273242662465918,0
0.14014014014014015,0.03864524110080874,-0.8541577871821134,0.817883850113567,0
0.14114114114114115,0.23192353712316277,-1.0160022606390624,0.4502202826966486,0
0.14214214214214213,0.6402992164743251,-0.9940093543685634,0.33154593160392076,0
0.14314314314314314,0.7820000679275155,-0.9477527712064202,0.019382607921595178,0
0.14414414414414414,1.0103713826997236,-0.785627314063515,-0.2935716556022191,0
0.14514514514514515,0.9853285724181499,-0.5604216820031872,-0.5848962116290726,0
0.14614614614614616,0.9693592797549561,-0.16643539008323294,-0.718210498237909,0
0.14714714714714713,0.7620810800720471,0.05752784918974442,-0.9266346214677517,0
0.14814814814814814,0.5016854630740691,0.48543127697867094,-0.9430117073801888,0
0.14914914914914915,0.3110433707128263,0.7458194371300211,-0.9037864837173714,0
0.15015015015015015,0.034090840690133926,0.8718423425307357,-0.9241565695738452,0
0.15115115115115116,-0.26417393820693535,1.0286086812863497,-0.6374760277321821,0
0.15215215215215216,-0.521524343964641,0.9021348650759656,-0.3512700338507461,0
0.15315315315315314,-0.808608348136647,0.9459511409649782,-0.02873052690814753,0
0.15415415415415415,-1.0254975182316068,0.770552086356713,0.33401122980867703,0
0.15515515515515516,-0.9584318483641459,0.5188451782403184,0.6286360070702599,0
0.15615615615615616,-0.8351244423715025,0.21093157629866766,0.7967533659704317,0
0.15715715715715717,-0.7133795262614949,-0.18014488418952782,0.8851524396571908,0
0.15815815815815815,-0.6004161820247468,-0.41883693515259196,0.9779131532757757,0
0.15915915915915915,-0.3672611161005101,-0.7612991563225114,0.9520200449023695,0
0.16016016016016016,0.025359354555431604,-0.9318515585615529,0.8385531014799018,0
0.16116116116116116,0.40971746016563815,-0.9143631287667794,0.6970114554334997,0
0.16216216216216217,0.6405459069237467,-0.9321425159404336,0.40188388998897967,0
0.16316316316316315,0.8918660369416351,-0.8247805338239143,0.11994277683382154,0
0.16416416416416416,1.0246764542880358,-0.6998299637424502,-0.26676082060412765,0
0.16516516516516516,1.0117998641560777,-0.48386139594745375,-0.567420938787459,0
0.16616616616616617,0.9920548632692487,-0.13138340527232067,-0.7863399873586779,0
0.16716716716716717,0.7565707785970207,0.1523906670171007,-0.9141373155609518,0
0.16816816816816815,0.613682431234967,0.5425653152165154,-0.976489207014185,0
0.16916916916916916,0.1979655223991384,0.6272345249429646,-1.0322310291791708,0
0.17017017017017017,-0.05342683003729133,0.8939101430472803,-0.779220862594511,0
0.17117117117117117,-0.39924721126687257,1.0592313950074124,-0.5925039256615169,0
0.17217217217217218,-0.6254353938156767,0.9601490692133334,-0.44690522452505654,0
0.17317317317317318,-0.9046795845238376,0.9435361407017664,-0.08900532697306152,0
0.17417417417417416,-1.006080487179976,0.7458076858046957,0.19524523427031779,0
0.17517517517517517,-1.0018016348714778,0.400261663572802,0.6423599318850501,0
0.17617617617617617,-0.9960542701762145,0.1691073150978866,0.8194309135792798,0
0.17717717717717718,-0.7299033499479289,-0.14533274588391024,0.9145659833028648,0
0.1781781781781782,-0.5102476954725103,-0.4801665364442695,1.0200388581899522,0
0.17917917917917917,-0.30557919295886543,-0.7323243621466751,1.0017869787244031,0
0.18018018018018017,0.034616782044613825,-0.840794681010528,0.8651803843689163,0
0.18118118118118118,0.38918317965121835,-0.9508505884563861,0.6310644942108891,0
0.18218218218218218,0.6898074963150813,-0.9662599414657866,0.3042663250975348,0
0.1831831831831832,0.8816068300801904,-0.9612528188498921,0.07619676824322401,0
0.1841841841841842,0.9928541944028169,-0.6866126696943717,-0.28966950947716325,0
0.18518518518518517,0.9472924834720781,-0.4201314624368196,-0.43761541484327404,0
0.18618618618618618,1.0149347280205974,-0.07519607251112245,-0.8055434338045621,0
0.1871871871871872,0.8601342132138952,0.19689578904643512,-0.8777027185509099,0
0.1881881881881882,0.5437112950150275,0.451615675223939,-0.9383633237412896,0
0.1891891891891892,0.27468802931219294,0.7081886101885686,-0.9069819367644032,0
0.19019019019019018,0.012231180860172532,0.8559016912992614,-0.8672761926685566,0
0.19119119119119118,-0.39893218929072644,0.9211167727517032,-0.5938988116890549,0
0.1921921921921922,-0.5809990278816191,1.1573868379578238,-0.2790701350868002,0
0.1931931931931932,-0.9665246047983435,0.9628091431411648,0.03340215882537414,0
0.1941941941941942,-0.9378758632836045,0.6916679667259478,0.24860435372337386,0
0.19519519519519518,-0.9602458758060518,0.5401813279028314,0.4859180397221766,0
0.1961961961961962,-0.9825840328717278,0.21753787884689318,0.8517988141132113,0
0.1971971971971972,-0.6700829350502796,-0.2240624060790989,0.8855815264766901,0
0.1981981981981982,-0.5259194768075739,-0.5750835991514087,1.000988477834289,0
0.1991991991991992,-0.32095500472374805,-0.7226758106973801,1.0256500561676145,0
0.20020020020020018,-0.01507700337703645,-0.8630409870010287,0.790083274205585,0
0.2012012012012012,0.28400360946856745,-1.0426508599830226,0.6288806853771729,0
0.2022022022022022,0.6394425067706636,-1.047999070578903,0.36130059680831395,0
0.2032032032032032,0.8079433822112443,-0.9053999724286559,0.03734078158344922,0
0.2042042042042042,0.9889806533846864,-0.7052041984314634,-0.2605635234311425,0
0.20520520520520522,0.9415108573162407,-0.388885836745015,-0.5492484528831885,0
0.2062062062062062,0.9079192406261928,-0.11807892609316548,-0.7689603466697077,0
0.2072072072072072,0.8342946265971302,0.1359910653662732,-0.9205009428685549,0
0.2082082082082082,0.47261905709148455,0.4362387474049659,-1.0164247144024425,0
0.2092092092092092,0.20462275310923225,0.8084024422836303,-0.9435712737436663,0
0.21021021021021022,-0.0858643120534094,0.8977803503422851,-0.7558277470054736,0
0.2112112112112112,-0.3991806892807924,0.9726831246058638,-0.5766203871501233,0
0.2122122122122122,-0.6502496754104513,1.004349685586273,-0.31751496883118524,0
0.2132132132132132,-0.8724555804428872,0.7840056376824575,-0.04650626574136224,0
0.21421421421421422,-0.9086195267080035,0.7415686262545753,0.24677835064820292,0
0.21521521521521522,-0.921654099246068,0.45484500162256825,0.5346950289659456,0
0.21621621621621623,-0.9365377155414905,0.17656471885773162,0.8127130449357473,0
0.2172172172172172,-0.8013952851375991,-0.07538554845586436,0.9812630824275252,0
0.2182182182182182,-0.4336121305119717,-0.46070947942806406,0.9857679147205978,0
0.21921921921921922,-0.2130751291335295,-0.7576944531049694,0.983994865142937,0
0.22022022022022023,0.004579541122580147,-0.9824183638403123,0.9569204227439265,0
0.22122122122122123,0.3857505854613061,-0.9416901595272706,0.6500510163623255,0
0.2222222222222222,0.573361845120947,-0.929742413903688,0.32291861724522186,0
0.22322322322322322,0.8433964606854223,-0.8389838342342301,0.02493051376804113,0
0.22422422422422422,0.9425780316773749,-0.7462244734599152,-0.23415688623681874,0
0.22522522522522523,0.9485623142099079,-0.42017167186180654,-0.5022676251776447,0
0.22622622622622623,0.9875255176978176,-0.16760027033180214,-0.8025306080271705,0
0.2272272272272272,0.7978097118060593,0.21624692417789715,-0.987644860275054,0
0.22822822822822822,0.5340267753173465,0.45232771064647437,-0.9006281493945494,0
0.22922922922922923,0.24398162548700655,0.7027109048583089,-0.9969925655054903,0
0.23023023023023023,-0.07037478889447694,0.8224137419589701,-0.8510133368183254,0
0.23123123123123124,-0.3870422367721327,0.939331103578302,-0.6167164660683669,0
0.23223223223223222,-0.5895554964555674,0.8666354391193534,-0.27412856676225644,0
0.23323323323323322,-0.8237311641247872,0.9340079014971588,0.024281155521393594,0
0.23423423423423423,-1.0481093193390179,0.6956588107683598,0.3485132950085745,0
0.23523523523523523,-1.0003328716978765,0.390853661196998,0.47149939154161474,0
0.23623623623623624,-0.9041865157859399,0.18761824029250218,0.6768426026831975,0
0.23723723723723725,-0.7773541387528818,-0.21894243119491402,0.9495820507939402,0
0.23823823823823823,-0.5697272171464371,-0.5357813212565506,0.9989786413535541,0
0.23923923923923923,-0.2650452091599787,-0.6953838696622455,1.0032500793934351,0
0.24024024024024024,0.10035193357764424,-0.9206099025878092,0.8364808133093456,0
0.24124124124124124,0.32986376540184276,-0.973354291778503,0.6709210088441574,0
0.24224224224224225,0.6323238071082454,-1.0417004444060798,0.36857253120268296,0
0.24324324324324323,0.8482307003283366,-0.892362583550818,0.0010703816768067136,0
0.24424424424424424,0.8647682424662305,-0.7504226870666625,-0.25949464979553555,0
0.24524524524524524,1.0141699661186534,-0.4089316601677838,-0.6074713551531117,0
0.24624624624624625,0.8605970389799682,-0.15849208731435785,-0.7388306574134751,0
0.24724724724724725,0.736210206704796,0.18660219546862564,-0.8667746835189318,0
0.24824824824824826,0.41919998256324825,0.4973331204148463,-1.1194697109992828,0
0.24924924924924924,0.24106308853861882,0.7948227951848086,-0.9353980777835231,0
0.2502502502502503,-0.10436902124675392,0.8548966528325381,-0.8396562565904095,0
0.25125125125125125,-0.3857781205268441,1.010997622568293,-0.5644785899023477,0
0.25225225225225223,-0.62797462629655,0.9641351335086297,-0.30446917779140265,0
0.25325325325325326,-0.875039183634222,0.8296890102514545,-0.048111757550493114,0
0.25425425425425424,-0.9928610834729317,0.7411733438060233,0.2892523959459406,0
0.2552552552552553,-1.0114463490697612,0.40415856520090976,0.49217480100562816,0
0.25625625625625625,-0.9346633572640498,0.06711959286421035,0.8535652693533753,0
0.25725725725725723,-0.7568821658620835,-0.23315146656060104,0.9947243189004663,0
0.25825825825825827,-0.4668296516413809,-0.46127717596684914,1.004701419442479,0
0.25925925925925924,-0.15924023334738777,-0.6490130351447747,0.9871275562487267,0
0.2602602602602603,0.06750931944576269,-0.9096216576893202,0.8710672139394621,0
0.26126126126126126,0.4503304856471838,-0.9635685893717122,0.6058482162794945,0
0.26226226226226224,0.679739054692139,-1.0089994261185682,0.24302584163218122,0
0.26326326326326327,0.7594382064661813,-0.86276941590108,0.09268424098482428,0
0.26426426426426425,0.9818391882870333,-0.6872197906988298,-0.23415404373593182,0
0.2652652652652653,0.9616447471648466,-0.39321138684635604,-0.5680695269347555,0
0.26626626626626626,0.9078021411811444,-0.1245412946235229,-0.7805391215159209,0
0.26726726726726724,0.6731343301102932,0.17949166060563382,-0.8867669097291363,0
0.2682682682682683,0.5510231543213902,0.3958128450802177,-0.9978414930765559,0
0.26926926926926925,0.30660182340622805,0.7577265637690079,-0.9212746086704822,0
0.2702702702702703,-0.043959617145115336,0.925528764617401,-0.8225485985648812,0
0.27127127127127126,-0.37164458406341655,0.8806687776832748,-0.6218697473751185,0
0.27227227227227224,-0.7078706650758736,1.0513783003923842,-0.40711955018480883,0
0.2732732732732733,-0.8424950369874977,0.9645054368792212,0.04986798905090129,0
0.27427427427427425,-1.0520547968568026,0.7171716346189482,0.3131317750956142,0
0.2752752752752753,-1.0099478666881223,0.441085759617884,0.5666849662127844,0
0.27627627627627627,-0.8291103231141878,0.12586431301045525,0.8328585896137544,0
0.2772772772772773,-0.7818227090754936,-0.18066990415498985,0.9902704074881159,0
0.2782782782782783,-0.37428333622299537,-0.4793381105137996,1.0225379907156331,0
0.27927927927927926,-0.18807464658318046,-0.8042589002624325,0.9952424512415924,0
0.2802802802802803,0.12600094219442265,-0.9844958540030493,0.7950042197503532,0
0.28128128128128127,0.3773379932805322,-1.0185196987411766,0.5956066846527495,0
0.2822822822822823,0.74851215177939,-0.9272309290662095,0.3045846254615793,0
0.2832832832832833,0.8703371036696482,-0.9656399748955672,0.12206560794690623,0
0.28428428428428426,1.0125915159885719,-0.6455623121839008,-0.31047304726277,0
0.2852852852852853,1.0628708239020557,-0.424499562396849,-0.469802050340308,0
0.2862862862862863,0.9243944317644118,-0.1385471316014263,-0.7975461668889511,0
0.2872872872872873,0.8401310953253602,0.12145048024131186,-0.9868719675943775,0
0.2882882882882883,0.43707861346112054,0.5214998798325603,-0.996107299407765,0
0.28928928928928926,0.23128049496030023,0.6893310588903651,-0.9892447101727175,0
0.2902902902902903,-0.09147451125150904,0.960452841190728,-0.8349475792837115,0
0.2912912912912913,-0.47852843651347643,0.9593273529493012,-0.5677853237526235,0
0.2922922922922923,-0.6587977961443092,0.9940638003189548,-0.29531740537803414,0
0.2932932932932933,-0.8398249772012855,0.8689005495469982,-0.05260137499537525,0
0.29429429429429427,-0.9986854961827984,0.6366030175763394,0.3452773016103001,0
0.2952952952952953,-0.9911463541184421,0.43785403777295767,0.6062421137934143,0
0.2962962962962963,-0.898670587150952,0.06373948969145496,0.905484658446279,0
0.2972972972972973,-0.672264863171109,-0.18924825577829005,0.9966853734725372,0
0.2982982982982983,-0.5494811148610939,-0.4712313422723631,0.9215218564101744,0
0.29929929929929927,-0.29630962553352713,-0.70698457896047,0.941991409667861,0
0.3003003003003003,0.032463522362099546,-0.8840327833088484,0.7249983016523279,0
0.3013013013013013,0.4684670449895698,-0.9827143580372861,0.652083133400195,0
0.3023023023023023,0.631914550336911,-1.0789657651250164,0.29327246959055986,0
0.3033033033033033,0.8803873098211779,-0.9530267440468603,0.031509646916705894,0
0.30430430430430433,0.9359085996888823,-0.6951192637415177,-0.3312595011539775,0
0.3053053053053053,0.9920940070135604,-0.4338391405955243,-0.5960045824545989,0
0.3063063063063063,0.9179973469140305,-0.15083084136834074,-0.829712783915519,0
0.3073073073073073,0.8267172233314091,0.11719172380421396,-0.9093321964283402,0
0.3083083083083083,0.5300677502432691,0.5411948898276238,-1.0412122852387409,0
0.30930930930930933,0.2838918000433526,0.744081151620984,-0.9977425907461569,0
0.3103103103103103,-0.08845761370133604,0.8444442757767228,-0.7568604338560402,0
0.3113113113113113,-0.36819984564175,0.9157129470426952,-0.6059249882289569,0
0.3123123123123123,-0.5334169544966689,1.0395075026769005,-0.305465470010276,0
0.3133133133133133,-0.8771438695284586,0.9692148960341747,-0.04140640220654637,0
0.31431431431431434,-0.9691709114288705,0.7047270895502353,0.4121482373427372,0
0.3153153153153153,-1.0057830138936692,0.36250900880587755,0.5914813227430951,0
0.3163163163163163,-0.8024215797066423,0.06310446290767668,0.7815645472716705,0
0.3173173173173173,-0.8271323029551091,-0.18257483973346378,0.9188437659696944,0
0.3183183183183183,-0.4371254818887004,-0.46045262532861697,0.9633210673687652,0
0.31931931931931934,-0.23156752562396338,-0.7439974571073719,0.9760885094511559,0
0.3203203203203203,0.03820742742603212,-0.8768647313352254,0.835725530832787,0
0.3213213213213213,0.4873330343504594,-0.9226494600799638,0.5593798925211917,0
0.32232232232232233,0.7341881827912551,-0.989458709344149,0.3728685520897673,0
0.3233233233233233,0.7040105531910089,-0.9338765184432434,-0.01112771719793536,0
0.32432432432432434,0.9823926290184556,-0.7086546747092516,-0.27253036455912516,0
0.3253253253253253,1.0339577202236336,-0.3512221123940207,-0.6054876356766162,0
0.3263263263263263,0.9657608174935852,-0.10770246023325938,-0.7874474551194484,0
0.32732732732732733,0.7576180320137961,0.2474604219555481,-0.9203286849258493,0
0.3283283283283283,0.4435894454860747,0.40668824270706583,-0.9385454343026548,0
0.32932932932932935,0.20663453948930213,0.7242059917414655,-0.895890821150997,0
0.3303303303303303,-0.14588163951006355,0.8871315612846031,-0.7945299848262428,0
0.3313313313313313,-0.4166170191113011,1.1231896387556397,-0.5365686380232401,0
0.33233233233233234,-0.6309305561061385,0.9732069032960295,-0.2628099495593039,0
0.3333333333333333,-0.8155658917812475,0.8994892951356016,0.04242970983278513,0
0.33433433433433435,-1.001696123931473,0.5993914140261044,0.2757241920156334,0
0.3353353353353353,-0.958406001295743,0.38436929535977093,0.5763950335472137,0
0.3363363363363363,-0.9058309302019479,0.12138055793953713,0.8467178112781056,0
0.33733733733733734,-0.7034541279411618,-0.23823570336692695,0.9160118362403549,0
0.3383383383383383,-0.528900725212732,-0.5234777263793202,1.0776891803801552,0
0.33933933933933935,-0.21605319519744842,-0.7957291358131756,0.9140976019118772,0
0.34034034034034033,0.1477443599508699,-0.9348952588947956,0.8106697565790054,0
0.34134134134134136,0.358521503087783,-0.9766876805662589,0.6716738793881867,0
0.34234234234234234,0.6598799899266274,-1.0423228377456262,0.4123370015688891,0
0.3433433433433433,0.802539149139042,-0.798308167149972,0.039769129431141616,0
0.34434434434434436,1.013170604395278,-0.6308771694554812,-0.2958702974725193,0
0.34534534534534533,1.0195978711652467,-0.25744632459647787,-0.5588638716108001,0
0.34634634634634637,0.9404448070811514,-0.2038768933006594,-0.8106123153579124,0
0.34734734734734735,0.7856999504176495,0.16694803612165166,-0.8376007539043517,0
0.3483483483483483,0.5332652917588704,0.4189387557393564,-0.9565412453093444,0
0.34934934934934936,0.2138923314504543,0.8245477842188634,-0.9499851141197954,0
0.35035035035035034,-0.11168936220398402,0.8996503505368179,-0.9117648812589787,0
0.35135135135135137,-0.3848795984839435,1.0086844900734857,-0.5370825660626302,0
0.35235235235235235,-0.7096046300098444,0.9939915652948444,-0.23424618099964828,0
0.3533533533533533,-0.9073093971302716,0.8512181927911111,0.04364099981933205,0
0.35435435435435436,-0.9668986777794718,0.5774253519642647,0.3454329921594315,0
0.35535535535535534,-0.9727363015036395,0.35700071094531405,0.643234749897537,0
0.3563563563563564,-0.9132307788941021,0.1503094221729642,0.735394360566598,0
0.35735735735735735,-0.7858981123964743,-0.09150236201645556,0.8752408778237548,0
0.35835835835835833,-0.4541117025852137,-0.5026295450065658,1.0042019466965257,0
0.35935935935935936,-0.14266604333430816,-0.7939142154943597,0.9458465979467849,0
0.36036036036036034,0.15030390997947848,-0.8493295625982729,0.726905023428346,0
0.3613613613613614,0.32940204372685733,-1.0517132681544545,0.6460770668697884,0
0.36236236236236236,0.6940969590190237,-0.9130239008654578,0.34062045950403697,0
0.36336336336336333,0.8665159479052643,-0.8275798396220324,-0.04400130180585131,0
0.36436436436436437,0.9819250523071777,-0.700087532223131,-0.26500867650780796,0
0.36536536536536535,0.9949733098988315,-0.3396048948566238,-0.5796650509320971,0
0.3663663663663664,0.9380732961318822,-0.05460911550585667,-0.7743214479021704,0
0.36736736736736736,0.7907866106379264,0.12894177347300093,-0.9032855633450922,0
0.3683683683683684,0.5102480161831886,0.5802084806702412,-0.9490954087540056,0
0.36936936936936937,0.20232859474550752,0.8117957490083866,-0.9393585738579541,0
0.37037037037037035,-0.12261702793469036,0.9431124798191531,-0.8179325239377888,0
0.3713713713713714,-0.4482984540558607,1.0105082042675786,-0.5857490339167867,0
0.37237237237237236,-0.7526008099914959,0.9706018368728241,-0.42475215717799253,0
0.3733733733733734,-0.9251180995728674,0.8585489931526145,0.020629932603744586,0
0.3743743743743744,-1.0013424995850608,0.6307878223057832,0.34194066885550256,0
0.37537537537537535,-0.9752305519382509,0.32905807900546513,0.5592888109479917,0
0.3763763763763764,-0.8274595700379129,0.14003706053488058,0.7842913502585768,0
0.37737737737737737,-0.7281353285828356,-0.20973276771436766,0.9883250939713787,0
0.3783783783783784,-0.4594136905266031,-0.4632624749976932,1.0831620842067256,0
0.3793793793793794,-0.18662972790477667,-0.7764966744967863,0.9613168849787392,0
0.38038038038038036,0.21935632690583975,-0.9530092155868135,0.8501992422666562,0
0.3813813813813814,0.38066872661088424,-1.037330246463027,0.491539553937642,0
0.38238238238238237,0.688662031687265,-0.9896047705227657,0.22029665317663616,0
0.3833833833833834,0.7878521602116412,-0.8117432291166125,-0.08269168060111981,0
0.3843843843843844,0.9698777001783119,-0.659716761639418,-0.19367684184779685,0
0.38538538538538536,1.0590269087531756,-0.37249071968335656,-0.6392519802186719,0
0.3863863863863864,0.9357240457830693,-0.1062232715877949,-0.8197089037630267,0
0.38738738738738737,0.6581725096035,0.16519299355590283,-0.8839656469066779,0
0.3883883883883884,0.5485943719929314,0.5466137195873534,-1.062756405164257,0
0.3893893893893894,0.17771571166869696,0.6621779801394614,-0.9926846810494376,0
0.39039039039039036,-0.12923109396319668,0.8952218413474652,-0.915404233943053,0
0.3913913913913914,-0.4441566736490433,1.101581321329695,-0.6177924123036901,0
0.3923923923923924,-0.6985651340226815,1.0617880839402716,-0.21143230130097734,0
0.3933933933933934,-0.8231562269864999,0.8690499822655109,0.015610763669080964,0
0.3943943943943944,-0.9385899457709469,0.7351667853232724,0.2785387745699762,0
0.39539539539539537,-0.960675271299121,0.42058117392746197,0.6072223954822443,0
0.3963963963963964,-0.8993991433289048,0.06479424940178898,0.8374191478026344,0
0.3973973973973974,-0.6919432268798368,-0.2513060731888602,0.9296380731763287,0
0.3983983983983984,-0.5056379380854082,-0.42984021883755064,1.023996803790027,0
0.3993993993993994,-0.25599429647312344,-0.7167678559497315,0.9736669901151948,0
0.40040040040040037,0.3214116353761297,-0.42508339094282405,0.7729857524398375,1
0.4014014014014014,0.7871151030114241,-0.508989874435971,0.5908947875482627,1
0.4024024024024024,1.3299848787478254,-0.4803731410874877,0.23642246991505753,1
0.4034034034034034,1.852072441448802,-0.4186869595779774,-0.012409391280430636,1
0.4044044044044044,2.085307073357321,-0.33385283158531737,-0.3515798502706068,1
0.40540540540540543,1.9873210307082052,-0.19741585013495988,-0.6329420632468872,1
0.4064064064064064,1.934697966519752,-0.0030983341649607476,-0.8551348674358781,1
0.4074074074074074,1.5224931568397828,0.1428186613470946,-0.8389626292158904,1
0.4084084084084084,0.8049248737086343,0.26485365540319533,-1.1456716433994083,1
0.4094094094094094,0.30516621663005766,0.37229227012938154,-0.91845990558661,1
0.41041041041041043,-0.2081013682821522,0.4417522189466587,-0.7664315447584475,1
0.4114114114114114,-0.7053819121954685,0.4816149347636903,-0.5767696291317319,1
0.4124124124124124,-1.3315542897916919,0.45515637094648614,-0.24252100064685478,1
0.4134134134134134,-1.5968505982878654,0.4611886113151432,0.02242298637500378,1
0.4144144144144144,-1.9386161673963767,0.30841251417357385,0.31792148374155155,1
0.41541541541541543,-2.063575957980293,0.11036907129746455,0.5937318689580722,1
0.4164164164164164,-1.825347126928459,0.059137680997279354,0.7908408026091773,1
0.4174174174174174,-1.5543381441201707,-0.11591706201171946,1.1011916176018821,1
0.4184184184184184,-0.8690111386685387,-0.21212033852587125,0.989821491976376,1
0.4194194194194194,-0.3355949765742113,-0.356927602662486,0.9561942775360524,1
0.42042042042042044,0.25691267040941707,-0.47106561007372855,0.8049442543862194,1
0.4214214214214214,0.745060285243063,-0.48004532878648853,0.5034777238891119,1
0.4224224224224224,1.436554480268775,-0.495641828461902,0.22951666177790625,1
0.42342342342342343,1.7578454651733721,-0.4353745736745637,-0.02837336403346134,1
0.4244244244244244,2.0302689174075153,-0.3313057596020787,-0.3360451110549813,1
0.42542542542542544,2.1080369696243184,-0.15908845272856204,-0.656229089135528,1
0.4264264264264264,1.8142200704962061,-0.05517260925787749,-0.8019606084331109,1
0.4274274274274274,1.5744870525158616,0.15771994468286518,-1.017812094836823,1
0.42842842842842843,0.9816087926080356,0.2631194324215605,-1.0295369098433855,1
0.4294294294294294,0.32289975065741733,0.38792625060508235,-0.8997744811417557,1
0.43043043043043044,-0.4637206049884577,0.5033442914817337,-0.7792380126835983,1
0.4314314314314314,-0.7879363812865183,0.4910316302660431,-0.5748678090272477,1
0.43243243243243246,-1.5914179886555087,0.5257884392741389,-0.3733884904295945,1
0.43343343343343343,-1.8623520302460874,0.4504946872024079,0.049717365303043624,1
0.4344344344344344,-1.9174534842373212,0.33650797086344647,0.35760602795031504,1
0.43543543543543545,-2.0785496920809634,0.16306423552263785,0.6293378021205244,1
0.4364364364364364,-1.8967399234416316,0.04056037687058557,0.8339489106959033,1
0.43743743743743746,-1.413367610042986,-0.11019291501684356,0.9545702937833143,1
0.43843843843843844,-1.0079964951640508,-0.22273438070059767,1.0290840106276933,1
0.4394394394394394,-0.2507737572479126,-0.4039866998552993,0.9122598258319429,1
0.44044044044044045,0.3173825911911974,-0.4451170552049665,0.7769616597393847,1
0.44144144144144143,0.7832040352972678,-0.5072367282331646,0.5883618454251007,1
0.44244244244244246,1.4447586264567596,-0.529808337088797,0.3064079637799503,1
0.44344344344344344,1.9380074062430257,-0.4127749094197184,-0.06271074217287502,1
0.4444444444444444,1.976402180108999,-0.34114041405553197,-0.3353695857283407,1
0.44544544544544545,1.9939548014907402,-0.15581322117753293,-0.6922602879732442,1
0.44644644644644643,1.8454867071006358,-0.07829342961690401,-0.8391356035429557,1
0.44744744744744747,1.4691680220722545,0.10854132509062211,-1.0579025027418136,1
0.44844844844844844,0.943970214788165,0.2508606328664197,-1.0112667674010183,1
0.4494494494494494,0.32189694734990204,0.3860344116448654,-0.9748787778034647,1
0.45045045045045046,-0.1977558276985557,0.4509676098749917,-0.7041231620057786,1
0.45145145145145144,-0.8904029182243157,0.46963661998931494,-0.6357599880533301,1
0.45245245245245247,-1.2087705772859045,0.5021745601579226,-0.2816493343551657,1
0.45345345345345345,-1.8684343757883997,0.46862494461856047,0.05766709273850214,1
0.4544544544544544,-1.9282273595880979,0.3442176228366488,0.39447186057390005,1
0.45545545545545546,-2.065277435906562,0.1871805842481066,0.6156452301443506,1
0.45645645645645644,-1.513155970839258,0.03000432572959296,0.8878640462671783,1
0.4574574574574575,-1.5033490277413364,-0.13561972013702772,0.9353947508225133,1
0.45845845845845845,-0.9279079581966889,-0.2819497589638003,0.9993648348641849,1
0.45945945945945943,-0.36453995729669164,-0.3873798185437484,0.9178281412932318,1
0.46046046046046046,0.30332212077982945,-0.5037688799652345,0.678412321613401,1
0.46146146146146144,0.8128220447360665,-0.5398326832754696,0.6301041853109921,1
0.4624624624624625,1.3861757386376357,-0.4801691826170364,0.23446938921569857,1
0.46346346346346345,1.8305513635007278,-0.41896954967557404,-0.07495128574971202,1
0.46446446446446443,1.8694973938618198,-0.3036213024547896,-0.41325476029686165,1
0.46546546546546547,2.2035501733276694,-0.19121499221209642,-0.6473832099345751,1
0.46646646646646645,1.8982382078556859,-0.03953694438770389,-0.8845902985759904,1
0.4674674674674675,1.6544403856627556,0.09208442458117219,-1.0050567019249683,1
0.46846846846846846,0.838806955258804,0.28869522064874176,-1.0281087282693382,1
0.4694694694694695,0.17194257616534722,0.36229662955975,-0.9396807553158432,1
0.47047047047047047,-0.1998933872635173,0.4597743256170979,-0.7230961169025509,1
0.47147147147147145,-1.0475266174334543,0.5118235822808768,-0.5899337171300185,1
0.4724724724724725,-1.4988720116767367,0.4604150002897691,-0.1500982542965082,1
0.47347347347347346,-1.741131740084854,0.42302496753857427,0.0360827852101028,1
0.4744744744744745,-1.8946698478984296,0.3791672139612152,0.3190693821896595,1
0.4754754754754755,-1.837001457593139,0.18663655994233683,0.6499705397827072,1
0.47647647647647645,-1.619324912309559,0.03139118707729245,0.8576087009993263,1
0.4774774774774775,-1.464953635030087,-0.12260872421033893,0.9359545329276183,1
0.47847847847847846,-0.965789326032278,-0.2475388610617139,0.9613197748448606,1
0.4794794794794795,-0.2016202751229576,-0.38010033192404885,0.9495205390518231,1
0.4804804804804805,0.3336428983222532,-0.4855954882097242,0.810524856479363,1
0.48148148148148145,0.9432861603283828,-0.47689942380761946,0.5378661824101068,1
0.4824824824824825,1.4831855029429601,-0.42776792061296576,0.25513916983597157,1
0.48348348348348347,1.6920931665491745,-0.4535602515989609,-0.05218979381242784,1
0.4844844844844845,2.1686648679415117,-0.2730174183700169,-0.30690066411485856,1
0.4854854854854855,1.8476323049608114,-0.15600511100085407,-0.5633344494406318,1
0.48648648648648646,2.030047089143226,-0.007180834376092401,-0.8086962549319706,1
0.4874874874874875,1.3912472762274408,0.1311361586249061,-0.9667109719095643,1
0.48848848848848847,1.0154800397511619,0.22722384056973488,-0.9963084412446792,1
0.4894894894894895,0.4132692341728247,0.41907134920491196,-0.8764712020909722,1
0.4904904904904905,-0.4346325866140499,0.4863016522746617,-0.8069589110670738,1
0.49149149149149146,-0.8662997152466183,0.5300502999185266,-0.6337528515295556,1
0.4924924924924925,-1.4949231479057536,0.5209836370609684,-0.23501476589902398,1
0.4934934934934935,-1.7647290886451832,0.4060592808935055,0.09409813154589028,1
0.4944944944944945,-1.876804654023399,0.3275603250872971,0.34699588562194755,1
0.4954954954954955,-2.106886894349595,0.19484834911028806,0.6526434619838939,1
0.4964964964964965,-1.8705950931776623,0.0608607851930459,0.9374043939359747,1
0.4974974974974975,-1.1958531816995566,-0.07803305822082324,0.9820982569643417,1
0.4984984984984985,-0.894603966362812,-0.2629972538344266,1.008254190671176,1
0.4994994994994995,-0.24713431414580594,-0.4238558414736689,0.9511439587312357,1
0.5005005005005005,0.25916380988806026,-0.45416742696931145,0.7702719735459195,1
0.5015015015015015,0.8572864648184126,-0.4996005548249691,0.5512878608686996,1
0.5025025025025025,1.2852634705209935,-0.5055236163815364,0.2161471224117224,1
0.5035035035035035,1.8496394170487274,-0.41845391611394,0.008757085348928224,1
0.5045045045045045,2.07822482367776,-0.3288657270742531,-0.334091807713434,1
0.5055055055055055,1.837340248966131,-0.22498293336755537,-0.565899892173974,1
0.5065065065065065,1.911009998059374,0.009242187399037288,-0.7951077915743718,1
0.5075075075075075,1.402981151594643,0.14331337080459958,-0.9266537153800125,1
0.5085085085085085,0.8344791941277067,0.2566771496788918,-1.0639473537377178,1
0.5095095095095095,0.4439352584047617,0.41408706637354514,-0.9024922609821071,1
0.5105105105105106,-0.3613271058349304,0.4762361123866954,-0.760883605414145,1
0.5115115115115115,-1.0068234473380462,0.5081266479461887,-0.6052841947952866,1
0.5125125125125125,-1.480418905889486,0.5235991787298229,-0.2584950321670055,1
0.5135135135135135,-1.720323406988473,0.43893629368990883,0.07898639981373083,1
0.5145145145145145,-1.9241536326675732,0.33715137119536553,0.4453580935643237,1
0.5155155155155156,-1.9773700396256169,0.17143945103936437,0.6265123240488398,1
0.5165165165165165,-1.8955211359399966,0.015511282390392898,0.8023264816273427,1
0.5175175175175175,-1.491528966250076,-0.13881039497333492,1.0051132440478536,1
0.5185185185185185,-1.0365169940584973,-0.29544937039751806,1.0246048953030427,1
0.5195195195195195,-0.23646120161346373,-0.41933357006092786,0.8535780349299178,1
0.5205205205205206,0.2917110320101429,-0.4357650141365234,0.9138575863040772,1
0.5215215215215215,0.6697274392749084,-0.5208655174329628,0.5776545496004166,1
0.5225225225225225,1.5069703445692468,-0.5037813183416882,0.1964980718209059,1
0.5235235235235235,1.7219789058591832,-0.40828708837749705,-0.11503387290024561,1
0.5245245245245245,1.936368575492412,-0.3053707925319475,-0.3875613352644586,1
0.5255255255255256,1.934350228038583,-0.18154748675938515,-0.5884032231672973,1
0.5265265265265265,1.8700035959941732,-0.044365853361008206,-0.8972643399727328,1
0.5275275275275275,1.3590432919174804,0.13381872430485814,-0.979675014312318,1
0.5285285285285285,0.9653461359944119,0.2503745555242142,-0.8685493529284918,1
0.5295295295295295,0.26352260692682267,0.41247243066708944,-0.9599004760405968,1
0.5305305305305306,-0.2265348808458273,0.5134100931303002,-0.810095243428192,1
0.5315315315315315,-0.9276741681784711,0.550990223191104,-0.49917222066163225,1
0.5325325325325325,-1.3148090166038533,0.4959523616653459,-0.27851764997312956,1
0.5335335335335335,-1.7922204666338442,0.43224820853084056,0.13647837878846564,1
0.5345345345345345,-1.9899933853950025,0.31540884169834593,0.32445659664410487,1
0.5355355355355356,-1.9768215758623133,0.16366619240469338,0.6063898642160525,1
0.5365365365365365,-1.8955461914661553,-0.014158116658500277,0.8731609687562509,1
0.5375375375375375,-1.1820212260552403,-0.1312294696384339,1.0109717459962437,1
0.5385385385385385,-0.909077947713493,-0.27406326309973206,0.9942492315525958,1
0.5395395395395395,-0.22830800043266777,-0.39233331311782516,0.9024195640362868,1
0.5405405405405406,0.3915323319573533,-0.44599668986356994,0.7290965565198596,1
0.5415415415415415,1.040001134954155,-0.5153454120531119,0.4956907068032205,1
0.5425425425425425,1.397101441466064,-0.5004305580720549,0.23032431165916173,1
0.5435435435435435,1.750245081895556,-0.3801336638777467,-0.0862493762201922,1
0.5445445445445445,2.095631779259694,-0.3067576325490178,-0.34251274557430617,1
0.5455455455455456,1.904781809553806,-0.19897937020079728,-0.5990957292952638,1
0.5465465465465466,1.732035271935729,-0.025743274461966243,-0.8319179687319322,1
0.5475475475475475,1.285834678316019,0.08860161830435118,-0.9529898260421769,1
0.5485485485485485,0.7527220721541517,0.2906325939546124,-0.9640473063899168,1
0.5495495495495496,0.45994345594274183,0.34118981192906467,-0.928488702817411,1
0.5505505505505506,-0.43764422820001325,0.4549786828113862,-0.8009124623487316,1
0.5515515515515516,-0.9614897102361846,0.48727853231142226,-0.6049839096401312,1
0.5525525525525525,-1.3924662638401346,0.5059457878289859,-0.282139365390588,1
0.5535535535535535,-1.7523057390062902,0.4216927265330692,0.0432915206298781,1
0.5545545545545546,-2.022600696668465,0.3098434451685567,0.33431413087650674,1
0.5555555555555556,-2.0269701670965166,0.12634901622956124,0.725269243361004,1
0.5565565565565566,-1.7627525148456211,0.04395860399374564,0.7715682871950527,1
0.5575575575575575,-1.4895242385502194,-0.15248978445702696,0.9113984566858806,1
0.5585585585585585,-0.8532457493543528,-0.2113892924988678,0.9803275087234812,1
0.5595595595595596,-0.2976001355705419,-0.42153012242382426,0.8519094393294776,1
0.5605605605605606,0.2018483621276437,-0.4668414577311944,0.7505717534851125,1
0.5615615615615616,0.9921707665900907,-0.5215164039637056,0.5036587825894834,1
0.5625625625625625,1.4109487670705505,-0.5038629146078095,0.1923043872716115,1
0.5635635635635635,1.8281184301532762,-0.40961065387919404,-0.06359724963641362,1
0.5645645645645646,2.0944144482030835,-0.31780172704148757,-0.41292481079413146,1
0.5655655655655656,1.9704069290140789,-0.20901807025515967,-0.7341761062927209,1
0.5665665665665666,1.6532814722382179,-0.018950213420006273,-0.8366509950948171,1
0.5675675675675675,1.424596973644746,0.16986149531424918,-0.9458590462787964,1
0.5685685685685685,0.8028309520133659,0.2546260963967268,-0.9556577170715739,1
0.5695695695695696,0.3903797913628558,0.3738079849083662,-0.8956123265364635,1
0.5705705705705706,-0.432514441828468,0.44276433750323035,-0.7686095871894346,1
0.5715715715715716,-0.8709899517006686,0.46809143106756534,-0.5446795211192975,1
0.5725725725725725,-1.4211537613622474,0.4937012061123775,-0.21648991308562654,1
0.5735735735735735,-1.9160367032307546,0.383727758166905,0.13356217875562676,1
0.5745745745745746,-2.008312590979046,0.27625146446887344,0.4204831956739314,1
0.5755755755755756,-1.9021742714855046,0.18678073549502827,0.7224768261578552,1
0.5765765765765766,-1.661106552525145,0.028555219001789756,0.7976607883648961,1
0.5775775775775776,-1.487157510114624,-0.12576496473419124,0.9670416073848471,1
0.5785785785785785,-0.8241327099441637,-0.2806700235313111,0.9657289742629629,1
0.5795795795795796,-0.39464768040881504,-0.4213389177307597,0.9686947066015545,1
0.5805805805805806,0.2909374470457038,-0.427164114668002,0.8055280298700975,1
0.5815815815815816,0.9010934042800477,-0.5402587528647724,0.5053232104975084,1
0.5825825825825826,1.6010258777384463,-0.45686810529161126,0.2554197907469985,1
0.5835835835835835,1.668805571959751,-0.4032843347386443,-0.03151274861896206,1
0.5845845845845846,2.0322880758148014,-0.31133076838112317,-0.36145731369302225,1
0.5855855855855856,2.0096529655623354,-0.12681557375431407,-0.6517735746572506,1
0.5865865865865866,1.6801309759933445,-0.0006204868035906454,-0.8244138278154485,1
0.5875875875875876,1.4228434593113757,0.1437726987441076,-1.0106467496141212,1
0.5885885885885885,0.8314691040840909,0.3002365035378658,-1.016607560655249,1
0.5895895895895896,0.2785561196127762,0.36608734157801864,-0.8486353731885189,1
0.5905905905905906,-0.5675619873859578,0.4606226060847276,-0.732015246363638,1
0.5915915915915916,-0.8620159538602291,0.5097681225956227,-0.547515963325486,1
0.5925925925925926,-1.54342657603434,0.47714826024233326,-0.3179602737401782,1
0.5935935935935935,-1.9895605278960753,0.37794228421542647,0.07296566702422544,1
0.5945945945945946,-2.1137451388911286,0.3376002633786905,0.39141091301663133,1
0.5955955955955956,-1.89115563040071,0.16782594784084623,0.7326413909438643,1
0.5965965965965966,-1.6345934722591047,-0.04001982809456527,0.888664079076876,1
0.5975975975975976,-1.3878389739838906,-0.16126393818626633,0.8791295042656573,1
0.5985985985985985,-0.8963444918197836,-0.2944061299768576,1.0429027930191632,1
0.5995995995995996,-0.4553297991857739,-0.3984753932452212,0.9477666914890944,1
0.6006006006006006,0.20054598250429262,-0.8726436228752483,0.825597085639553,0
0.6016016016016016,0.5338733706714427,-0.9694136520074738,0.5182779825694025,0
0.6026026026026026,0.6814265530538016,-0.9638237587392696,0.21160668183686215,0
0.6036036036036035,0.955282076624571,-0.7751883819382669,-0.09424645871966915,0
0.6046046046046046,0.9530559379352177,-0.5753302229669276,-0.4248772172346256,0
0.6056056056056056,1.1370551155262374,-0.3044479887958893,-0.6472607073548046,0
0.6066066066066066,0.9338349924104884,-0.09205363478939474,-0.9244842193194949,0
0.6076076076076076,0.8011839908948355,0.20142730580207305,-0.9328108936396496,0
0.6086086086086087,0.4557434915059856,0.5927872393224806,-1.0863770438500024,0
0.6096096096096096,0.22466037801160074,0.8397176635381179,-0.8643914092030335,0
0.6106106106106106,-0.26389367956102966,0.8880640004636864,-0.7493876782925546,0
0.6116116116116116,-0.5465141863191689,0.8968262365654069,-0.5179237545859777,0
0.6126126126126126,-0.6797069187407451,0.9210270279412247,-0.15871520779970583,0
0.6136136136136137,-0.9539020244641466,0.7982073616452461,0.10188031238236556,0
0.6146146146146146,-1.0760987271861253,0.6244020196382097,0.5212741507941956,0
0.6156156156156156,-1.0176737418596902,0.3579962933353613,0.6774241693991299,0
0.6166166166166166,-0.9237860895611423,0.057886562181045584,0.7792501802271243,0
0.6176176176176176,-0.710835804171296,-0.29875785826039586,1.0014589278187547,0
0.6186186186186187,-0.43213455300534265,-0.4966029642238236,0.9900915147325724,0
0.6196196196196196,-0.06989391080902463,-0.7949977982277157,0.9015803310235467,0
0.6206206206206206,0.1979952841136807,-0.9604233264618725,0.7028990389225249,0
0.6216216216216216,0.48086525354042003,-1.0254633006422091,0.47294607128986893,0
0.6226226226226226,0.748545018441717,-0.8700683552499742,0.24310190652391894,0
0.6236236236236237,0.8685584800270137,-0.743868984379076,-0.12137104828089283,0
0.6246246246246246,1.1142524461608623,-0.5713118066170013,-0.4532631103099696,0
0.6256256256256256,0.9963870836083326,-0.32510764799838865,-0.6413618371441345,0
0.6266266266266266,0.8898858115646111,0.028591340964045094,-0.8465200813741256,0
0.6276276276276276,0.7122774588353323,0.17898091090667945,-1.023358851430574,0
0.6286286286286287,0.4715725776797766,0.6959812636125654,-0.9993729423652905,0
0.6296296296296297,0.2169623865374616,0.8317680413635697,-0.9403466636051675,0
0.6306306306306306,-0.24367528209151632,0.9127191388069279,-0.7882910017757406,0
0.6316316316316316,-0.4411053998669421,1.0283026526671826,-0.5540274205763696,0
0.6326326326326326,-0.8462272917589911,1.0328294000096867,-0.26101788465622044,0
0.6336336336336337,-0.9392418887683763,0.7651135479694677,0.1434601878106113,0
0.6346346346346347,-1.0773409412171315,0.5992960034644138,0.35394301822771684,0
0.6356356356356356,-0.9498754672620621,0.3208237707828746,0.7325354575798415,0
0.6366366366366366,-0.7749660304451811,0.00969065495783256,0.7025059624232322,0
0.6376376376376376,-0.7116187322688112,-0.3577546203081063,1.0166773548588015,0
0.6386386386386387,-0.3868289856279713,-0.6520850741784266,1.0096977452952154,0
0.6396396396396397,-0.05781156657382777,-0.826967922175446,0.9746961819689269,0
0.6406406406406406,0.2306216798760807,-0.8953303678217074,0.8087958092949703,0
0.6416416416416416,0.4841425649696261,-0.9761233122295131,0.5295550274554804,0
0.6426426426426426,0.6987225783736952,-1.0048890720677752,0.18371336975179492,0
0.6436436436436437,0.8749236936379541,-0.8506439807501708,-0.07973863062360237,0
0.6446446446446447,0.968296237844649,-0.6036503871817195,-0.3792924470696723,0
0.6456456456456456,0.9595397225013779,-0.3284401465215548,-0.6618157207647073,0
0.6466466466466466,0.8606862699453113,-0.027043966906058536,-0.8898922577959079,0
0.6476476476476476,0.7445973892570553,0.24799201877798635,-0.9673112181284804,0
0.6486486486486487,0.3830701116487849,0.5572511578829867,-1.0482555981088717,0
0.6496496496496497,0.1047192200844447,0.7015483534050574,-0.9007439020974107,0
0.6506506506506506,-0.19660169501077054,0.9069829647543474,-0.776436676069272,0
0.6516516516516516,-0.47211090816438905,1.0397098181521038,-0.5384160546638456,0
0.6526526526526526,-0.6753313098956126,0.9519548932906627,-0.28618040601367384,0
0.6536536536536537,-0.8139251379463166,0.7890368560005728,0.12702245321328698,0
0.6546546546546547,-1.0516612312033782,0.5319519487304382,0.4403801166354845,0
0.6556556556556556,-0.9916360026729332,0.2700059318656314,0.6812876279547752,0
0.6566566566566566,-0.9153855856917953,7.602663043794651e-05,0.8318192826357654,0
0.6576576576576576,-0.7622886829215578,-0.2669197434130187,1.013543902562635,0
0.6586586586586587,-0.43295282987008377,-0.6124829890088683,1.0488780955278738,0
0.6596596596596597,-0.16427718334625993,-0.7891857056797862,0.8351303504071366,0
0.6606606606606606,0.17101815205050547,-0.9734374251313533,0.7737037324787548,0
0.6616616616616616,0.40891772757250267,-1.0618766014604721,0.4979498290331964,0
0.6626626626626626,0.7284215558594477,-0.9797901456182002,0.2275131805872884,0
0.6636636636636637,0.9030277201988962,-0.8296139739750049,-0.16941097234029834,0
0.6646646646646647,0.9142135865731693,-0.554620856903596,-0.4315022810424925,0
0.6656656656656657,1.025749864530418,-0.2908790552534677,-0.6976343598729435,0
0.6666666666666666,0.884122214795659,-0.07034060780394905,-0.9057680613873196,0
0.6676676676676676,0.6845696067603495,0.3833747330185306,-1.0318341547941616,0
0.6686686686686687,0.38176486729519277,0.6395588150948622,-0.9585876574142363,0
0.6696696696696697,0.09430146406411627,0.8270128308386737,-0.9161404975683748,0
0.6706706706706707,-0.2435821214574317,0.9134476772339712,-0.767533444031905,0
0.6716716716716716,-0.44777580303803266,0.9498833019910762,-0.652993822570763,0
0.6726726726726726,-0.788352518340521,0.9164716099271829,-0.15705515451805385,0
0.6736736736736737,-0.9778754084944182,0.7974037575379872,0.17867324480438362,0
0.6746746746746747,-0.9884562511408059,0.5529699314489943,0.46366321343676953,0
0.6756756756756757,-1.0889566991009965,0.3128354329363513,0.6811749239208139,0
0.6766766766766766,-0.9188484778293544,-0.04646116154534481,0.8352371649367554,0
0.6776776776776777,-0.6942598761546269,-0.3806203646850675,0.9973440616966319,0
0.6786786786786787,-0.4529608008013173,-0.5673913997512711,1.0095312335701194,0
0.6796796796796797,-0.04518017845707889,-0.7558577526875925,0.9067203538401641,0
0.6806806806806807,0.25672452637817633,-0.9422156931749857,0.7202122340542279,0
0.6816816816816816,0.5034603736811593,-0.9421265954746748,0.37958121963051006,0
0.6826826826826827,0.7087842630909215,-0.9979783587222189,0.2043080462214092,0
0.6836836836836837,0.9524567966817147,-0.8703711581341184,-0.05708760208133179,0
0.6846846846846847,0.9425540249399785,-0.6421949074875474,-0.40908608277604197,0
0.6856856856856857,1.0832063153954183,-0.3500889736509319,-0.7202756299360576,0
0.6866866866866866,0.8030372718857861,0.04188197291900093,-0.8376615709665336,0
0.6876876876876877,0.558547947316715,0.3367357931061673,-0.9484450007322565,0
0.6886886886886887,0.4307234688806426,0.577542950353115,-0.959676281400579,0
0.6896896896896897,0.08120703710236285,0.8016422491147815,-0.9427953178687596,0
0.6906906906906907,-0.17509414126332812,0.9682116349066471,-0.7905125790304359,0
0.6916916916916916,-0.48383579320893644,0.926658779105875,-0.42704348456744107,0
0.6926926926926927,-0.7477607576154303,0.9957588991299154,-0.24144637276809136,0
0.6936936936936937,-0.952373624719221,0.8336234191553279,0.0006759279459406659,0
0.6946946946946947,-0.958566489179882,0.613256552104936,0.3780966074233448,0
0.6956956956956957,-0.9948431163947176,0.34150795589955446,0.7515281495121513,0
0.6966966966966966,-0.8269661371868756,-0.05551529579667308,0.8223069730993509,0
0.6976976976976977,-0.7364115426936547,-0.28454872868109843,0.9159022071544572,0
0.6986986986986987,-0.4080087213644889,-0.6417061725064339,0.9590634439227119,0
0.6996996996996997,-0.21854484035695992,-0.8433301268542148,1.0011384127305485,0
0.7007007007007007,0.16583126883297294,-0.9738459855696028,0.6767695435035453,0
0.7017017017017017,0.47220338491597835,-0.9276903129574438,0.5646108576633846,0
0.7027027027027027,0.8367926070841596,-0.9874641426226092,0.2804781090161092,0
0.7037037037037037,0.9333794787660585,-0.7390765737598068,-0.13269030853080946,0
0.7047047047047047,1.0209088607993118,-0.6622521091563051,-0.41752874622854536,0
0.7057057057057057,0.9111725983819741,-0.2445836214313149,-0.6728180547787463,0
0.7067067067067067,0.8777809393170647,0.07596259782550893,-0.8355991723215112,0
0.7077077077077077,0.7224462169807168,0.32877844580025306,-0.8533090664605931,0
0.7087087087087087,0.33710433205516743,0.6166204414128612,-0.8348280490326525,0
0.7097097097097097,0.12242909716585693,0.8738524779205362,-0.9177237063160211,0
0.7107107107107107,-0.23455533573568849,0.9122085282469048,-0.6273907269254305,0
0.7117117117117117,-0.46618307580037,1.0685204284265202,-0.5495233571184702,0
0.7127127127127127,-0.7793844573747274,0.8845703201404472,-0.1618673372464739,0
0.7137137137137137,-0.906631751390225,0.814000274213789,0.13942275600039528,0
0.7147147147147147,-1.0039442340905465,0.4546011840257622,0.5139224373598346,0
0.7157157157157157,-0.9377374980743322,0.2550155195761846,0.7302331196979451,0
0.7167167167167167,-0.9189157728490199,0.029886712800090563,0.9078066005017729,0
0.7177177177177178,-0.6400036624778587,-0.322755418957567,0.9573099486980269,0
0.7187187187187187,-0.43018601630437125,-0.5510467851387797,0.9530701946683644,0
0.7197197197197197,-0.10610153008836942,-0.7285719601385408,0.9539584478735409,0
0.7207207207207207,0.21897403014458136,-0.9478568539622295,0.7008294456234045,0
0.7217217217217217,0.5003275195850404,-1.026240045072193,0.4663182046060946,0
0.7227227227227228,0.7240254191340423,-1.0320612286509614,0.23363821385646227,0
0.7237237237237237,0.9196722206340431,-0.7858038710014653,-0.11779434950968906,0
0.7247247247247247,0.9563026699333691,-0.5427333201263129,-0.3938774690950528,0
0.7257257257257257,0.8506153907812019,-0.349676749073149,-0.6710405398431907,0
0.7267267267267267,0.7238073084291009,0.0010282751963192269,-0.885578713150574,0
0.7277277277277278,0.6721474677559591,0.46334060858387016,-1.00689576757429,0
0.7287287287287287,0.3403184504053273,0.6494481131776345,-0.9090914339135657,0
0.7297297297297297,0.09334187091793521,0.8001389514219328,-0.8503298820271609,0
0.7307307307307307,-0.15815062755338488,0.9139999773849944,-0.788311279216902,0
0.7317317317317317,-0.5657673236061517,1.079259820473303,-0.4487322396906586,0
0.7327327327327328,-0.7506298706672206,1.0018086944284075,-0.08049603070133629,0
0.7337337337337337,-0.9302072010825382,0.7442720572942169,0.17589191913740676,0
0.7347347347347347,-1.0409601760033613,0.5618139438627324,0.4144930778158531,0
0.7357357357357357,-0.9344994027127365,0.2686839965959238,0.7060345789071062,0
0.7367367367367368,-0.8196143707833581,0.05990536910301497,0.9170739014609189,0
0.7377377377377378,-0.6376260657710738,-0.3675742100279473,0.9148076977033096,0
0.7387387387387387,-0.5256118388171586,-0.6595320852693286,1.0021921646278897,0
0.7397397397397397,-0.174967581297288,-0.7715360094156208,0.9011877487143299,0
0.7407407407407407,0.22188806138574418,-0.9625283202632818,0.7618741747010909,0
0.7417417417417418,0.4985595732852091,-1.1075839528130635,0.41134841755236,0
0.7427427427427428,0.7936107526639988,-0.985412991619518,0.15986703936423385,0
0.7437437437437437,0.9460432920197205,-0.8903433161816784,-0.20574436066077828,0
0.7447447447447447,1.0739158951031205,-0.5620845838650554,-0.41304208611856985,0
0.7457457457457457,1.0026248092978913,-0.2630316038425138,-0.6939914866583603,0
0.7467467467467468,0.8292078947495927,-0.03698573854874229,-0.902902385161943,0
0.7477477477477478,0.6553146228791723,0.354221538732962,-0.9942954698923256,0
0.7487487487487487,0.40170482454653794,0.5356487035356329,-0.9797443853631941,0
0.7497497497497497,0.024911406452372595,0.8594522468689249,-0.798700495391641,0
0.7507507507507507,-0.19850006348464674,0.9097771268674382,-0.7470690897355297,0
0.7517517517517518,-0.6278411158448107,1.0178080144586605,-0.4614168879144556,0
0.7527527527527528,-0.7702488715494948,0.9802521436758995,-0.21690990323730858,0
0.7537537537537538,-0.9084565635166912,0.7546367255527877,0.07442241434850377,0
0.7547547547547547,-0.8967551880271061,0.5477668619544317,0.397893945258192,0
0.7557557557557557,-0.978416200014058,0.30648259127543775,0.6026952382262472,0
0.7567567567567568,-0.794091912716594,-0.04854271264601564,0.7989751899766301,0
0.7577577577577578,-0.6481998242177485,-0.29409038192018244,0.9448814759933475,0
0.7587587587587588,-0.40091922523832874,-0.65773016189358,0.9945492308884789,0
0.7597597597597597,-0.017783957717896676,-0.9069441266167904,0.852606874903854,0
0.7607607607607607,0.23733854594794682,-0.9726933044835279,0.7257761692578232,0
0.7617617617617618,0.4781455868027742,-0.9950164161806783,0.45498545144555325,0
0.7627627627627628,0.758069449083015,-0.8936062717740534,0.19417486318733534,0
0.7637637637637638,0.9136069655911223,-0.8222722578286503,-0.1524016797549183,0
0.7647647647647647,1.0382544988407627,-0.6211619249728955,-0.47293844245304584,0
0.7657657657657657,0.886427461080606,-0.2710897285594533,-0.6487853208966395,0
0.7667667667667668,0.8859551769983055,0.05535978401477038,-1.0296937709050056,0
0.7677677677677678,0.6378987864818496,0.34794534770875235,-0.9353139363433819,0
0.7687687687687688,0.39321225279472266,0.6023808398950677,-0.9452938409753173,0
0.7697697697697697,0.10732243784456236,0.773137898459535,-0.8931476502377111,0
0.7707707707707707,-0.33686752980383583,0.935546371460257,-0.661971406531134,0
0.7717717717717718,-0.5412062375482535,0.9871869455379262,-0.5072701229387778,0
0.7727727727727728,-0.7630639885844536,0.961223909821721,-0.1146769858105888,0
0.7737737737737738,-0.8639455182561195,0.9042430530244812,0.09824087228106604,0
0.7747747747747747,-0.9622058146526398,0.5096740934561715,0.3648031999879957,0
0.7757757757757757,-0.9337743259187191,0.2657500870711502,0.6666305578413793,0
0.7767767767767768,-0.892877496287563,-0.03039067192113467,0.8656453638141255,0
0.7777777777777778,-0.6329902051752326,-0.37956212214427243,0.9734643737191399,0
0.7787787787787788,-0.3756290560747998,-0.5622592581764313,0.9821264763330717,0
0.7797797797797797,-0.07953979654941774,-0.8139921051557604,0.8417162217702854,0
0.7807807807807807,0.2681237453661572,-0.9568113844426852,0.7674309398992307,0
0.7817817817817818,0.5922526334722338,-0.9638093870345468,0.4653456801179895,0
0.7827827827827828,0.7950227466126631,-0.978472463322657,0.27506078221063807,0
0.7837837837837838,0.9627929976790344,-0.6668107179624572,-0.1917866535093105,0
0.7847847847847848,0.9385302580892466,-0.5140612099524967,-0.4179269742305122,0
0.7857857857857857,0.8947450551570169,-0.23078727897460158,-0.7300648058939316,0
0.7867867867867868,0.8539003310437187,0.07820004513169931,-0.9200405893024926,0
0.7877877877877878,0.6115551607182876,0.24528204336137294,-0.9460605889603901,0
0.7887887887887888,0.31004272328082516,0.6344920390310124,-1.0037311046877417,0
0.7897897897897898,0.06881508429475724,0.7892744917121507,-0.9437051302324599,0
0.7907907907907907,-0.1699499747043136,1.0073011134907637,-0.7600735474126494,0
0.7917917917917918,-0.5298731950750588,1.0326932262813673,-0.42456712551913456,0
0.7927927927927928,-0.7886305953849272,0.8465593874611443,-0.14328313985661228,0
0.7937937937937938,-1.0446510267748115,0.7700929425178892,0.17199906306834242,0
0.7947947947947948,-0.9789839622020783,0.5827983460367268,0.4432214988953062,0
0.7957957957957957,-0.9273013019861476,0.1923240225880935,0.702304653957409,0
0.7967967967967968,-0.9211635669711244,0.0034119273934644367,0.9533535567988375,0
0.7977977977977978,-0.6580249724354927,-0.4319028887249388,0.856958236561589,0
0.7987987987987988,-0.34382587291561373,-0.603111257856912,1.0160788569400305,0
0.7997997997997998,-0.10561657313782605,-0.8061008942058955,0.938733103964689,0
0.8008008008008007,0.28693053674122426,-0.9242530776444018,0.627027421275036,0
0.8018018018018018,0.6076548290642443,-1.009177865598885,0.46952530787696334,0
0.8028028028028028,0.6827664390826059,-0.9666471870086905,0.1675992911479928,0
0.8038038038038038,0.9140470620157148,-0.8226086310603882,-0.1431869084002472,0
0.8048048048048048,0.8983584228133332,-0.589597443638958,-0.38772973119110576,0
0.8058058058058059,0.9912385409246813,-0.35598815616868856,-0.7410884356530559,0
0.8068068068068068,0.8388973472735359,0.06728138833463755,-1.0206182266072386,0
0.8078078078078078,0.560288707301234,0.3160691156398535,-1.00623781995764,0
0.8088088088088088,0.36645843802886513,0.5924100291602182,-1.069434606304624,0
0.8098098098098098,0.11610281689908974,0.8802433589484036,-0.8947350474425906,0
0.8108108108108109,-0.2211154992303647,1.0020106694232498,-0.7091019821846285,0
0.8118118118118118,-0.6429372287010312,0.9941151449807354,-0.4288625860763346,0
0.8128128128128128,-0.7432653522731907,0.9483778695652391,-0.2653177880928069,0
0.8138138138138138,-0.9962474807863121,0.7437502754633528,0.25968693628569456,0
0.8148148148148148,-1.0435473182869512,0.5145430666805273,0.49407417096561024,0
0.8158158158158159,-0.8925822359017416,0.2494608481716011,0.6773732664978618,0
0.8168168168168168,-0.7760669357378384,0.017018848661711175,0.9291587374026109,0
0.8178178178178178,-0.5732769595833911,-0.33961439406359867,0.9522667035211217,0
0.8188188188188188,-0.39912028502633423,-0.5780332753135455,0.957614407141955,0
0.8198198198198198,-0.07318004971599024,-0.8728094201451364,0.9434185278663021,0
0.8208208208208209,0.2740774467829378,-1.0135575994506005,0.6561617532645204,0
0.8218218218218218,0.6475965508564872,-1.051099969580798,0.46521545734160535,0
0.8228228228228228,0.7895945211867907,-0.893419719845944,0.13921800519769859,0
0.8238238238238238,0.9517705855475799,-0.8214977896610423,-0.1415997720109582,0
0.8248248248248248,1.0480648907029373,-0.6010917547068227,-0.44584657163686237,0
0.8258258258258259,0.9542297924391,-0.2566793246467982,-0.6900747733209307,0
0.8268268268268268,0.8983193255891527,0.04002531125160206,-0.9209868866074309,0
0.8278278278278278,0.6500518208549426,0.3319188094149865,-0.9931369185742496,0
0.8288288288288288,0.2748070340112263,0.5971287444776405,-0.9944428624297299,0
0.8298298298298298,0.03104424775166107,0.8449779407047201,-0.8946485595901438,0
0.8308308308308309,-0.11161732230912996,0.9136879923117538,-0.7064624146912157,0
0.8318318318318318,-0.5595737128077141,1.0118175579941424,-0.44163008466300796,0
0.8328328328328328,-0.8325362044138463,0.9264714161544692,-0.1445336907065718,0
0.8338338338338338,-0.9589637931459775,0.7878991973526525,0.17036850886082494,0
0.8348348348348348,-0.971651659042642,0.5862136126685837,0.45771164475321663,0
0.8358358358358359,-0.9625258802998358,0.2872832208531957,0.8315597401159062,0
0.8368368368368369,-0.8179566615416372,-0.03742373137913209,0.7715365266947465,0
0.8378378378378378,-0.7176236555744899,-0.3422059513609188,0.9560706662957863,0
0.8388388388388388,-0.34587332088144207,-0.6312026933414494,1.054490651742706,0
0.8398398398398398,-0.06576812114276352,-0.8472907164702067,0.8959337211733285,0
0.8408408408408409,0.25706610101329225,-0.9288129223044779,0.695049166455202,0
0.8418418418418419,0.5828128392561488,-1.0619460814717847,0.45365102423083925,0
0.8428428428428428,0.746058002187073,-0.9197744296413132,0.1280071522082497,0
0.8438438438438438,0.9538553526525844,-0.779830172342389,-0.06461418969180958,0
0.8448448448448448,0.9884233717448278,-0.5309322291695486,-0.5426284478155465,0
0.8458458458458459,0.8310108916078645,-0.07588554933299604,-0.6101088829615183,0
0.8468468468468469,0.8449563665784668,0.036767012873142414,-0.8463680003717133,0
0.8478478478478478,0.6527536622653108,0.31954327679030725,-0.9723894446489705,0
0.8488488488488488,0.32418254577430367,0.5645202101254914,-0.9929998501434255,0
0.8498498498498498,-0.05004147952505813,0.8310109607824051,-0.8681076916882601,0
0.8508508508508509,-0.22710641567767784,0.9385377327977694,-0.7532995408603514,0
0.8518518518518519,-0.46295291837388886,0.9988813260274252,-0.45451699824464076,0
0.8528528528528528,-0.8226039174848494,0.9936883553810313,-0.15249882436620513,0
0.8538538538538538,-0.8889260969348041,0.871919444791602,0.20016801064973974,0
0.8548548548548548,-1.0100332635357432,0.5689823980499555,0.48047265790429033,0
0.8558558558558559,-0.8680582174635012,0.23886964493216037,0.7530803661983672,0
0.8568568568568569,-0.861105464450503,-0.11778981766057316,0.8903090342652461,0
0.8578578578578578,-0.5220809429769571,-0.268350838247783,0.9614176464765225,0
0.8588588588588588,-0.3837488581470428,-0.6121026140623919,0.9463987752742871,0
0.8598598598598598,-0.02535549952100927,-0.8128288997193025,0.8302772229015769,0
0.8608608608608609,0.32493292613730707,-0.9697075972947,0.6092708385134318,0
0.8618618618618619,0.5662348087553258,-1.0077617929940597,0.38597938899328343,0
0.8628628628628628,0.7063466597435286,-0.8948781642073257,0.08857478477923161,0
0.8638638638638638,0.8525813728632846,-0.8927677896305724,-0.21628595017543933,0
0.8648648648648649,1.0053841930176497,-0.5309098211476198,-0.48952162248053943,0
0.8658658658658659,1.0496421979511932,-0.25760217517092937,-0.7380630306935801,0
0.8668668668668669,0.8674360157502935,0.09098000666169878,-0.8261903385350593,0
0.8678678678678678,0.5675470594623825,0.3104885041128652,-0.9975476798208478,0
0.8688688688688688,0.26667883263818154,0.6907924789205812,-0.8625974904560614,0
0.8698698698698699,0.0388871205849461,0.9249441897267481,-0.7953529178470994,0
0.8708708708708709,-0.3485498516710421,0.9404843846951388,-0.6463893151040874,0
0.8718718718718719,-0.5815809737664817,1.0175015468986301,-0.5476995642022182,0
0.8728728728728729,-0.8148956570230524,0.9400914021203226,-0.11782056717235836,0
0.8738738738738738,-0.9147344407077219,0.7838692374743743,0.154061991437097,0
0.8748748748748749,-1.0000549596607038,0.5144609887594482,0.434849887924021,0
0.8758758758758759,-0.917887868312766,0.18999094794041582,0.6602374210830275,0
0.8768768768768769,-0.8188542466555458,-0.13751138127128676,0.9119854832673288,0
0.8778778778778779,-0.6615937300840173,-0.35898089645680065,0.9967653959737932,0
0.8788788788788788,-0.39401718483896564,-0.6536635916597372,1.014384102989294,0
0.8798798798798799,-0.11255717569560027,-0.8476498554337957,0.8932509298477781,0
0.8808808808808809,0.21897710374905,-1.066333846853904,0.6745404147334536,0
0.8818818818818819,0.5907567123944847,-0.995722714537875,0.4484064339028582,0
0.8828828828828829,0.8305463681906615,-0.9931691882511888,0.06601069559788729,0
0.8838838838838838,0.8891076176045781,-0.7481572908191529,-0.20065455837419624,0
0.8848848848848849,0.9744657758843529,-0.5210231615184681,-0.4708079688994831,0
0.8858858858858859,0.9428832304025203,-0.23182299400502882,-0.6915879225146113,0
0.8868868868868869,0.812842503790189,0.03206058565742715,-0.9077568033040211,0
0.8878878878878879,0.6912427789444133,0.3977559653504663,-0.89602116185043,0
0.8888888888888888,0.2915532379687993,0.541225885016878,-1.1211035239471818,0
0.8898898898898899,-0.043639394216823314,0.8160106978734638,-0.8475921641718124,0
0.8908908908908909,-0.2847067910056903,0.9317447800934409,-0.6086774264354298,0
0.8918918918918919,-0.5716463860532968,1.0578174407662,-0.4771311631996241,0
0.8928928928928929,-0.8714833506307296,0.9973249354807532,-0.18565546278939557,0
0.8938938938938938,-0.9902691840632836,0.6918223295669065,0.23162308278842728,0
0.8948948948948949,-1.0269991555585614,0.563731430121357,0.565376112825793,0
0.8958958958958959,-0.9362168651454851,0.27751273834928913,0.6694852532962975,0
0.8968968968968969,-0.8003776608663694,-0.026579506620196765,0.938634842133903,0
0.8978978978978979,-0.6394424489219063,-0.4534289357111746,0.9953166647845177,0
0.8988988988988988,-0.277729661546127,-0.682016370992687,0.9961290356099028,0
0.8998998998998999,-0.0029209318343633474,-0.8888480887099336,0.950169464145324,0
0.9009009009009009,0.3443877045489799,-1.0212106833786811,0.6542794034071512,0
0.9019019019019019,0.5975740585750967,-0.9944012528306354,0.4780380489254652,0
0.9029029029029029,0.7945213896035743,-0.8652843437888154,0.07679504979086563,0
0.9039039039039038,0.8714603157237647,-0.8344979706505291,-0.06803435664593868,0
0.9049049049049049,1.0309530031082172,-0.4439403588385422,-0.4301254452254141,0
0.9059059059059059,0.8933350440714203,-0.22005900545631993,-0.7122227932538889,0
0.9069069069069069,0.7496622279747066,0.11164493733609215,-0.8217629927201622,0
0.9079079079079079,0.5112024502608981,0.37978708771915626,-0.9313375819135803,0
0.9089089089089089,0.392495657337302,0.6864928250887177,-1.0854725166830854,0
0.9099099099099099,-0.06635496655433724,0.930308937867707,-0.8476235400548506,0
0.9109109109109109,-0.21382482465659058,1.0650912089140883,-0.7425258156256238,0
0.9119119119119119,-0.4725852544424228,1.0182299848244634,-0.41108497703827296,0
0.9129129129129129,-0.7920894662670329,0.8454958215790884,-0.14224139130827812,0
0.9139139139139139,-0.9903166522705779,0.7646693457848903,0.21235243799481557,0
0.914914914914915,-0.952641990733032,0.45406003839081377,0.5570658272957059,0
0.9159159159159159,-0.9908490106208324,0.14761281961001446,0.7252048978963548,0
0.9169169169169169,-0.8431680829863322,-0.03795126718893308,0.9254853001104613,0
0.9179179179179179,-0.6686830546509909,-0.38126858815380793,1.0112296898023243,0
0.9189189189189189,-0.27168454982571616,-0.5842406390280556,0.9502510596401504,0
0.91991991991992,-0.032438614033288786,-0.9031551061663254,0.9655616815098133,0
0.9209209209209209,0.2547207131817666,-0.9918624169271297,0.6600473202912687,0
0.9219219219219219,0.5835319899890342,-0.9069135161867502,0.4627973853939158,0
0.9229229229229229,0.8132037435466748,-0.9000995838458481,0.17295646113118737,0
0.9239239239239239,0.9497770257599375,-0.8632304311431516,-0.29303877266802025,0
0.924924924924925,1.071783547462935,-0.5637968198728738,-0.48660032839023143,0
0.9259259259259259,1.0433608914608907,-0.18561502618918527,-0.6552694586637623,0
0.9269269269269269,0.8185538159766129,0.09692247704221434,-0.8272777735835649,0
0.9279279279279279,0.6356664315012271,0.3722553699716911,-0.8812490954260574,0
0.9289289289289289,0.4004931299870111,0.6721350680417255,-1.0026926279778803,0
0.92992992992993,-0.011976471030699203,0.8018539717580832,-0.8910747188147486,0
0.9309309309309309,-0.3128499595676792,0.9587054872896104,-0.586566443085498,0
0.9319319319319319,-0.6934409011526186,0.9610804048306137,-0.4606399800915184,0
0.9329329329329329,-0.7623868567798917,0.9558241032759769,-0.1614599343427998,0
0.933933933933934,-0.9079057043037563,0.7913566149828931,0.14296566145208275,0
0.934934934934935,-0.9154170898173796,0.575119474013934,0.4403844846069268,0
0.9359359359359359,-0.9680676755455146,0.18850480448123513,0.7468441003943515,0
0.9369369369369369,-0.8067418284649189,-0.06185675591750808,0.9078884620570697,0
0.9379379379379379,-0.5690828021633411,-0.31684284344156044,1.0702584755632063,0
0.938938938938939,-0.281218542369339,-0.6104320761862198,1.062913326975422,0
0.93993993993994,0.03207465670909508,-0.9403024365875593,0.9509927226413041,0
0.9409409409409409,0.1625843585233697,-0.9474123694125338,0.6814578264397297,0
0.9419419419419419,0.6079853660242557,-1.0367092458001987,0.4760925525188504,0
0.9429429429429429,0.820874070076806,-0.9118619931822126,0.12553022042801387,0
0.943943943943944,0.9578641577801439,-0.7024730666626787,-0.1510684317290774,0
0.944944944944945,1.0103957921355615,-0.46157518836486056,-0.5205659489185257,0
0.9459459459459459,0.9801064458318564,-0.21630245571172108,-0.6982090242702468,0
0.9469469469469469,0.799259006332443,0.07026547549989016,-0.9218101496677166,0
0.9479479479479479,0.6751985106876377,0.4180972547162777,-0.9817274065203344,0
0.948948948948949,0.3022023042445081,0.8008712120149903,-0.9966372447979884,0
0.94994994994995,0.03869702370333209,0.9376164880589877,-0.8769910093123454,0
0.950950950950951,-0.2939430883553634,0.8839208918772286,-0.6503365603484734,0
0.9519519519519519,-0.6328571424176155,0.9784295011317541,-0.4394723336176452,0
0.9529529529529529,-0.8220327397290128,0.9147210347079553,-0.024475064309942382,0
0.953953953953954,-0.9047801614599171,0.7656305737032945,0.2548731142350893,0
0.954954954954955,-0.9911653313167981,0.39476800216984864,0.3818397186487028,0
0.955955955955956,-0.8526563797990543,0.2892480261351942,0.6859710450912907,0
0.9569569569569569,-0.7793254085625575,-0.050474637607164224,0.9432275785798276,0
0.9579579579579579,-0.5902063705369602,-0.3586212476018145,0.920648893168415,0
0.958958958958959,-0.38996594061676804,-0.719142380130345,1.0183128453966324,0
0.95995995995996,0.03899818913351142,-0.8317318352145588,0.8746048952275507,0
0.960960960960961,0.2634028425566305,-0.8743049372044011,0.7408798222340426,0
0.9619619619619619,0.5852588738182746,-0.8895080883355535,0.429379778267171,0
0.9629629629629629,0.7618333571778045,-0.9340801421680712,0.06718492733704481,0
0.963963963963964,0.9666935782772088,-0.7699452731127985,-0.08800465181836566,0
0.964964964964965,0.961915586862443,-0.5342341603672213,-0.5343416811820453,0
0.965965965965966,1.066962565081625,-0.21183556087578445,-0.7331829206390998,0
0.9669669669669669,0.802812582880244,0.07837014288712127,-0.9150965160969519,0
0.9679679679679679,0.7399842167325128,0.4283992745730354,-1.0723823576929212,0
0.968968968968969,0.34731591826423824,0.7433076418573148,-1.0256109457424751,0
0.96996996996997,-0.010783653156690411,0.8677058465335782,-0.8273022214712873,0
0.970970970970971,-0.23692620083820726,0.9456150815842805,-0.6182317769828629,0
0.9719719719719719,-0.5882380502125837,1.0090499180777812,-0.47431964066412363,0
0.9729729729729729,-0.7844484795549104,0.9181937963603413,-0.056614699527418245,0
0.973973973973974,-0.9646675143294713,0.7701573379461607,0.23782751743784233,0
0.974974974974975,-1.0302635453055966,0.489069100398106,0.5382721528172625,0
0.975975975975976,-0.9840274061498047,0.208942324647969,0.7261697753005119,0
0.9769769769769769,-0.8046829796126808,-0.14412747594453446,0.9240377245601488,0
0.9779779779779779,-0.5858282457793043,-0.4322030841210235,1.0596696466856028,0
0.978978978978979,-0.34768157551177087,-0.6654988297892804,1.0046834764851962,0
0.97997997997998,0.0004305555711214817,-0.8997164224699103,0.8219350283689116,0
0.980980980980981,0.24650868689848757,-1.0551075056102983,0.686210594237459,0
0.9819819819819819,0.5747963786326757,-1.054566117245323,0.5030973909155984,0
0.9829829829829829,0.7779487058573709,-0.9415898172636569,0.09358869969146252,0
0.983983983983984,0.9759484974853181,-0.7305868363470165,-0.15624717450098444,0
0.984984984984985,0.9751237483618188,-0.4820081522269024,-0.48607473771315823,0
0.985985985985986,1.0035963140984836,-0.23418410116927818,-0.633879925438936,0
0.986986986986987,0.7630265282979533,0.0581892760639069,-0.8981900479854068,0
0.9879879879879879,0.5360128735786924,0.3189759513910856,-1.092666365079166,0
0.988988988988989,0.2571939692580203,0.6316043794556959,-0.9120805519559846,0
0.98998998998999,0.017364644021966524,0.8693844496782672,-0.8533858440162286,0
0.990990990990991,-0.3137522228093171,0.947042313755466,-0.6207236289468765,0
0.991991991991992,-0.5574215248355202,0.9736148001788585,-0.4421919270436072,0
0.992992992992993,-0.8998160619750881,0.8599765410003262,-0.08114010560093128,0
0.993993993993994,-0.9492643397512762,0.7930542571988382,0.17234423811528954,0
0.994994994994995,-1.0606917128320248,0.485592077876866,0.4939140014187258,0
0.995995995995996,-0.9451785669794496,0.2557736596818605,0.6037027217387214,0
0.996996996996997,-0.7189295035730966,-0.07138684333477185,0.9384072679371827,0
0.997997997997998,-0.6376216742070075,-0.4700945202539911,0.9743335274589742,0
0.998998998998999,-0.3078492547825033,-0.6820311596550398,1.0421381741401643,0
1.0,0.05925332194632761,-0.9203809722568044,0.8779472806719588,0
